{
    "BATCH_SIZE": 600,
    "DATA_FILENAME": "mnist.pkl.gz",
    "EPOCH": 1,
    "INPUT_DIM": 784,
    "LEARNING_RATE": 0.01,
    "MOMENTUM": 0.9,
    "NUM_EPOCHS": 5,
    "NUM_HIDDEN_UNITS": 38,
    "OUTPUT_DIM": 10,
    "TRAIN_LOSS": 1.9923692045272956,
    "VALID_ACCURACY": 76.583333333333343,
    "VALID_LOSS": 1.2633385299237896
}