{
    "BATCH_SIZE": 600,
    "DATA_FILENAME": "mnist.pkl.gz",
    "EPOCH": 30,
    "INPUT_DIM": 784,
    "LEARNING_RATE": 0.01,
    "MOMENTUM": 0.9,
    "NUM_EPOCHS": 30,
    "NUM_HIDDEN_UNITS": 5,
    "OUTPUT_DIM": 10,
    "TRAIN_LOSS": 1.9168713689932071,
    "VALID_ACCURACY": 68.864583333333343,
    "VALID_LOSS": 1.4451871373763474
}