{
    "BATCH_SIZE": 800,
    "DATA_FILENAME": "mnist.pkl.gz",
    "EPOCH": 1,
    "INPUT_DIM": [
        28,
        28
    ],
    "LEARNING_RATE": 0.01,
    "MOMENTUM": 0.9,
    "NUM_EPOCHS": 30,
    "NUM_HIDDEN_UNITS": 256,
    "OUTPUT_DIM": 10,
    "TRAIN_LOSS": 2.0419050105979766,
    "VALID_ACCURACY": 80.447916666666671,
    "VALID_LOSS": 0.81241073289352439
}