{
    "BATCH_SIZE": 600,
    "DATA_FILENAME": "mnist.pkl.gz",
    "EPOCH": 30,
    "INPUT_DIM": 784,
    "LEARNING_RATE": 0.01,
    "MOMENTUM": 0.9,
    "NUM_EPOCHS": 30,
    "NUM_HIDDEN_UNITS": 437,
    "OUTPUT_DIM": 10,
    "TRAIN_LOSS": 0.13776547475679018,
    "VALID_ACCURACY": 97.270833333333329,
    "VALID_LOSS": 0.091157481896621428
}