{
    "BATCH_SIZE": 600,
    "DATA_FILENAME": "mnist.pkl.gz",
    "EPOCH": 1,
    "INPUT_DIM": 784,
    "LEARNING_RATE": 0.01,
    "MOMENTUM": 0.9,
    "NUM_EPOCHS": 5,
    "NUM_HIDDEN_UNITS": 25,
    "OUTPUT_DIM": 10,
    "TRAIN_LOSS": 2.174095009755276,
    "VALID_ACCURACY": 59.822916666666671,
    "VALID_LOSS": 1.7486632496563241
}