{
    "BATCH_SIZE": 600,
    "DATA_FILENAME": "mnist.pkl.gz",
    "EPOCH": 5,
    "INPUT_DIM": 784,
    "LEARNING_RATE": 0.01,
    "MOMENTUM": 0.9,
    "NUM_EPOCHS": 5,
    "NUM_HIDDEN_UNITS": 25,
    "OUTPUT_DIM": 10,
    "TRAIN_LOSS": 1.2015133940472014,
    "VALID_ACCURACY": 87.197916666666671,
    "VALID_LOSS": 0.64982540813813805
}