{
    "BATCH_SIZE": 600,
    "DATA_FILENAME": "mnist.pkl.gz",
    "EPOCH": 1,
    "INPUT_DIM": 784,
    "LEARNING_RATE": 0.01,
    "MOMENTUM": 0.9,
    "NUM_EPOCHS": 5,
    "NUM_HIDDEN_UNITS": 11,
    "OUTPUT_DIM": 10,
    "TRAIN_LOSS": 2.1942155740561335,
    "VALID_ACCURACY": 45.135416666666664,
    "VALID_LOSS": 1.9041226014513981
}