{
    "BATCH_SIZE": 600,
    "DATA_FILENAME": "mnist.pkl.gz",
    "EPOCH": 1,
    "INPUT_DIM": 784,
    "LEARNING_RATE": 0.01,
    "MOMENTUM": 0.9,
    "NUM_EPOCHS": 5,
    "NUM_HIDDEN_UNITS": 7,
    "OUTPUT_DIM": 10,
    "TRAIN_LOSS": 2.188343874615557,
    "VALID_ACCURACY": 51.927083333333336,
    "VALID_LOSS": 1.9008157756725039
}