{
    "BATCH_SIZE": 600,
    "DATA_FILENAME": "mnist.pkl.gz",
    "EPOCH": 1,
    "INPUT_DIM": 784,
    "LEARNING_RATE": 0.01,
    "MOMENTUM": 0.9,
    "NUM_EPOCHS": 30,
    "NUM_HIDDEN_UNITS": 194,
    "OUTPUT_DIM": 10,
    "TRAIN_LOSS": 1.6580366982596766,
    "VALID_ACCURACY": 84.770833333333329,
    "VALID_LOSS": 0.6401327782577062
}