{
    "BATCH_SIZE": 600,
    "DATA_FILENAME": "mnist.pkl.gz",
    "EPOCH": 30,
    "INPUT_DIM": 784,
    "LEARNING_RATE": 0.01,
    "MOMENTUM": 0.9,
    "NUM_EPOCHS": 30,
    "NUM_HIDDEN_UNITS": 194,
    "OUTPUT_DIM": 10,
    "TRAIN_LOSS": 0.19528168059401513,
    "VALID_ACCURACY": 96.770833333333343,
    "VALID_LOSS": 0.10661824628044017
}