{
    "BATCH_SIZE": 600,
    "DATA_FILENAME": "mnist.pkl.gz",
    "EPOCH": 1,
    "INPUT_DIM": 784,
    "LEARNING_RATE": 0.01,
    "MOMENTUM": 0.9,
    "NUM_EPOCHS": 5,
    "NUM_HIDDEN_UNITS": 11,
    "OUTPUT_DIM": 10,
    "TRAIN_LOSS": 2.2052337822360566,
    "VALID_ACCURACY": 38.416666666666664,
    "VALID_LOSS": 1.9669381289198411
}