{
    "BATCH_SIZE": 600,
    "DATA_FILENAME": "mnist.pkl.gz",
    "EPOCH": 1,
    "INPUT_DIM": [
        28,
        28
    ],
    "LEARNING_RATE": 0.01,
    "MOMENTUM": 0.9,
    "NUM_EPOCHS": 30,
    "NUM_HIDDEN_UNITS": 256,
    "OUTPUT_DIM": 10,
    "TRAIN_LOSS": 1.7075096746439469,
    "VALID_ACCURACY": 89.958333333333343,
    "VALID_LOSS": 0.38524892946632339
}