{
    "BATCH_SIZE": 600,
    "DATA_FILENAME": "mnist.pkl.gz",
    "EPOCH": 1,
    "INPUT_DIM": 784,
    "LEARNING_RATE": 0.01,
    "MOMENTUM": 0.9,
    "NUM_EPOCHS": 30,
    "NUM_HIDDEN_UNITS": 291,
    "OUTPUT_DIM": 10,
    "TRAIN_LOSS": 1.4900085512423824,
    "VALID_ACCURACY": 86.145833333333329,
    "VALID_LOSS": 0.5361094510103952
}