{
    "BATCH_SIZE": 600,
    "DATA_FILENAME": "mnist.pkl.gz",
    "EPOCH": 1,
    "INPUT_DIM": 784,
    "LEARNING_RATE": 0.01,
    "MOMENTUM": 0.9,
    "NUM_EPOCHS": 3,
    "NUM_HIDDEN_UNITS": 512,
    "OUTPUT_DIM": 10,
    "TRAIN_LOSS": 1.3474493922606732,
    "VALID_ACCURACY": 88.166666666666671,
    "VALID_LOSS": 0.45595278150483204
}