{
    "BATCH_SIZE": 600,
    "DATA_FILENAME": "mnist.pkl.gz",
    "EPOCH": 5,
    "INPUT_DIM": 784,
    "LEARNING_RATE": 0.01,
    "MOMENTUM": 0.9,
    "NUM_EPOCHS": 5,
    "NUM_HIDDEN_UNITS": 7,
    "OUTPUT_DIM": 10,
    "TRAIN_LOSS": 1.8988639843992465,
    "VALID_ACCURACY": 62.749999999999993,
    "VALID_LOSS": 1.4797035819743423
}