{
    "BATCH_SIZE": 600,
    "DATA_FILENAME": "mnist.pkl.gz",
    "EPOCH": 1,
    "INPUT_DIM": 784,
    "LEARNING_RATE": 0.01,
    "MOMENTUM": 0.9,
    "NUM_EPOCHS": 5,
    "NUM_HIDDEN_UNITS": 3,
    "OUTPUT_DIM": 10,
    "TRAIN_LOSS": 2.2658415400560692,
    "VALID_ACCURACY": 21.302083333333332,
    "VALID_LOSS": 2.2043806196092568
}