{
    "BATCH_SIZE": 600,
    "DATA_FILENAME": "mnist.pkl.gz",
    "EPOCH": 1,
    "INPUT_DIM": 784,
    "LEARNING_RATE": 0.01,
    "MOMENTUM": 0.9,
    "NUM_EPOCHS": 30,
    "NUM_HIDDEN_UNITS": 57,
    "OUTPUT_DIM": 10,
    "TRAIN_LOSS": 1.9215452664530137,
    "VALID_ACCURACY": 77.104166666666657,
    "VALID_LOSS": 1.1258037054892964
}