{
    "BATCH_SIZE": 600,
    "DATA_FILENAME": "mnist.pkl.gz",
    "EPOCH": 40,
    "INPUT_DIM": 784,
    "LEARNING_RATE": 0.01,
    "MOMENTUM": 0.9,
    "NUM_EPOCHS": 40,
    "NUM_HIDDEN_UNITS": 512,
    "OUTPUT_DIM": 10,
    "TRAIN_LOSS": 0.10678241869967467,
    "VALID_ACCURACY": 97.604166666666671,
    "VALID_LOSS": 0.079325151199287153
}