{
    "BATCH_SIZE": 600,
    "DATA_FILENAME": "mnist.pkl.gz",
    "EPOCH": 1,
    "INPUT_DIM": 784,
    "LEARNING_RATE": 0.01,
    "MOMENTUM": 0.9,
    "NUM_EPOCHS": 40,
    "NUM_HIDDEN_UNITS": 512,
    "OUTPUT_DIM": 10,
    "TRAIN_LOSS": 1.350893922581262,
    "VALID_ACCURACY": 87.020833333333343,
    "VALID_LOSS": 0.47306970202845083
}