{
    "BATCH_SIZE": 600,
    "DATA_FILENAME": "mnist.pkl.gz",
    "EPOCH": 5,
    "INPUT_DIM": 784,
    "LEARNING_RATE": 0.01,
    "MOMENTUM": 0.9,
    "NUM_EPOCHS": 5,
    "NUM_HIDDEN_UNITS": 17,
    "OUTPUT_DIM": 10,
    "TRAIN_LOSS": 1.5125631978023943,
    "VALID_ACCURACY": 73.864583333333329,
    "VALID_LOSS": 1.0320763226355869
}