{
    "BATCH_SIZE": 600,
    "DATA_FILENAME": "mnist.pkl.gz",
    "EPOCH": 1,
    "INPUT_DIM": 784,
    "LEARNING_RATE": 0.01,
    "MOMENTUM": 0.9,
    "NUM_EPOCHS": 5,
    "NUM_HIDDEN_UNITS": 17,
    "OUTPUT_DIM": 10,
    "TRAIN_LOSS": 2.178686399079377,
    "VALID_ACCURACY": 43.895833333333336,
    "VALID_LOSS": 1.9079049409489295
}