{
    "BATCH_SIZE": 600,
    "DATA_FILENAME": "mnist.pkl.gz",
    "EPOCH": 1,
    "INPUT_DIM": 784,
    "LEARNING_RATE": 0.01,
    "MOMENTUM": 0.9,
    "NUM_EPOCHS": 30,
    "NUM_HIDDEN_UNITS": 86,
    "OUTPUT_DIM": 10,
    "TRAIN_LOSS": 1.7736594071366918,
    "VALID_ACCURACY": 82.385416666666671,
    "VALID_LOSS": 0.84228445122108897
}