{
    "BATCH_SIZE": 600,
    "DATA_FILENAME": "mnist.pkl.gz",
    "EPOCH": 30,
    "INPUT_DIM": 784,
    "LEARNING_RATE": 0.01,
    "MOMENTUM": 0.9,
    "NUM_EPOCHS": 30,
    "NUM_HIDDEN_UNITS": 86,
    "OUTPUT_DIM": 10,
    "TRAIN_LOSS": 0.30556301160236121,
    "VALID_ACCURACY": 95.979166666666657,
    "VALID_LOSS": 0.14644645093949027
}