{
    "BATCH_SIZE": 600,
    "DATA_FILENAME": "mnist.pkl.gz",
    "EPOCH": 30,
    "INPUT_DIM": 784,
    "LEARNING_RATE": 0.01,
    "MOMENTUM": 0.9,
    "NUM_EPOCHS": 30,
    "NUM_HIDDEN_UNITS": 17,
    "OUTPUT_DIM": 10,
    "TRAIN_LOSS": 1.1662292084919956,
    "VALID_ACCURACY": 89.979166666666671,
    "VALID_LOSS": 0.55587402697034993
}