{
    "BATCH_SIZE": 600,
    "DATA_FILENAME": "mnist.pkl.gz",
    "EPOCH": 40,
    "INPUT_DIM": 784,
    "LEARNING_RATE": 0.01,
    "MOMENTUM": 0.9,
    "NUM_EPOCHS": 40,
    "NUM_HIDDEN_UNITS": 1,
    "OUTPUT_DIM": 10,
    "TRAIN_LOSS": 2.3010517462307249,
    "VALID_ACCURACY": 10.635416666666666,
    "VALID_LOSS": 2.302041997184209
}