{
    "BATCH_SIZE": 600,
    "DATA_FILENAME": "mnist.pkl.gz",
    "EPOCH": 1,
    "INPUT_DIM": 784,
    "LEARNING_RATE": 0.01,
    "MOMENTUM": 0.9,
    "NUM_EPOCHS": 30,
    "NUM_HIDDEN_UNITS": 38,
    "OUTPUT_DIM": 10,
    "TRAIN_LOSS": 2.0847883797111941,
    "VALID_ACCURACY": 68.104166666666671,
    "VALID_LOSS": 1.4315925514550143
}