{
    "BATCH_SIZE": 600,
    "DATA_FILENAME": "mnist.pkl.gz",
    "EPOCH": 30,
    "INPUT_DIM": 784,
    "LEARNING_RATE": 0.01,
    "MOMENTUM": 0.9,
    "NUM_EPOCHS": 30,
    "NUM_HIDDEN_UNITS": 38,
    "OUTPUT_DIM": 10,
    "TRAIN_LOSS": 0.54778437133201907,
    "VALID_ACCURACY": 93.885416666666671,
    "VALID_LOSS": 0.21550708374796373
}