{
    "BATCH_SIZE": 600,
    "DATA_FILENAME": "mnist.pkl.gz",
    "EPOCH": 5,
    "INPUT_DIM": 784,
    "LEARNING_RATE": 0.01,
    "MOMENTUM": 0.9,
    "NUM_EPOCHS": 5,
    "NUM_HIDDEN_UNITS": 2,
    "OUTPUT_DIM": 10,
    "TRAIN_LOSS": 2.2243143112974515,
    "VALID_ACCURACY": 27.447916666666668,
    "VALID_LOSS": 2.1006105995610209
}