{
    "BATCH_SIZE": 600,
    "DATA_FILENAME": "mnist.pkl.gz",
    "EPOCH": 1,
    "INPUT_DIM": 784,
    "LEARNING_RATE": 0.01,
    "MOMENTUM": 0.9,
    "NUM_EPOCHS": 5,
    "NUM_HIDDEN_UNITS": 17,
    "OUTPUT_DIM": 10,
    "TRAIN_LOSS": 2.1740207614679714,
    "VALID_ACCURACY": 53.666666666666664,
    "VALID_LOSS": 1.8184685462792904
}