{
    "BATCH_SIZE": 600,
    "DATA_FILENAME": "mnist.pkl.gz",
    "EPOCH": 5,
    "INPUT_DIM": 784,
    "LEARNING_RATE": 0.01,
    "MOMENTUM": 0.9,
    "NUM_EPOCHS": 5,
    "NUM_HIDDEN_UNITS": 1,
    "OUTPUT_DIM": 10,
    "TRAIN_LOSS": 2.2890847619129646,
    "VALID_ACCURACY": 16.312500000000004,
    "VALID_LOSS": 2.2679641409329054
}