{
    "BATCH_SIZE": 600,
    "DATA_FILENAME": "mnist.pkl.gz",
    "EPOCH": 1,
    "INPUT_DIM": 784,
    "LEARNING_RATE": 0.01,
    "MOMENTUM": 0.9,
    "NUM_EPOCHS": 30,
    "NUM_HIDDEN_UNITS": 25,
    "OUTPUT_DIM": 10,
    "TRAIN_LOSS": 2.1437742562772648,
    "VALID_ACCURACY": 64.833333333333329,
    "VALID_LOSS": 1.6956445785585594
}