{
    "BATCH_SIZE": 600,
    "DATA_FILENAME": "mnist.pkl.gz",
    "EPOCH": 5,
    "INPUT_DIM": 784,
    "LEARNING_RATE": 0.01,
    "MOMENTUM": 0.9,
    "NUM_EPOCHS": 5,
    "NUM_HIDDEN_UNITS": 2,
    "OUTPUT_DIM": 10,
    "TRAIN_LOSS": 2.2226927443891746,
    "VALID_ACCURACY": 25.458333333333332,
    "VALID_LOSS": 2.099953540128304
}