{
    "BATCH_SIZE": 600,
    "DATA_FILENAME": "mnist.pkl.gz",
    "EPOCH": 1,
    "INPUT_DIM": 784,
    "LEARNING_RATE": 0.01,
    "MOMENTUM": 0.9,
    "NUM_EPOCHS": 5,
    "NUM_HIDDEN_UNITS": 2,
    "OUTPUT_DIM": 10,
    "TRAIN_LOSS": 2.289494768512343,
    "VALID_ACCURACY": 19.749999999999996,
    "VALID_LOSS": 2.2457118958581774
}