{
    "BATCH_SIZE": 600,
    "DATA_FILENAME": "mnist.pkl.gz",
    "EPOCH": 30,
    "INPUT_DIM": 784,
    "LEARNING_RATE": 0.01,
    "MOMENTUM": 0.9,
    "NUM_EPOCHS": 30,
    "NUM_HIDDEN_UNITS": 1,
    "OUTPUT_DIM": 10,
    "TRAIN_LOSS": 2.2222407723196338,
    "VALID_ACCURACY": 24.197916666666668,
    "VALID_LOSS": 2.0832828194670241
}