{
    "BATCH_SIZE": 600,
    "DATA_FILENAME": "mnist.pkl.gz",
    "EPOCH": 1,
    "INPUT_DIM": 784,
    "LEARNING_RATE": 0.01,
    "MOMENTUM": 0.9,
    "NUM_EPOCHS": 3,
    "NUM_HIDDEN_UNITS": 512,
    "OUTPUT_DIM": 10,
    "TRAIN_LOSS": 1.3497023249825966,
    "VALID_ACCURACY": 87.802083333333329,
    "VALID_LOSS": 0.46852163859125484
}