{
    "BATCH_SIZE": 600,
    "DATA_FILENAME": "mnist.pkl.gz",
    "EPOCH": 5,
    "INPUT_DIM": 784,
    "LEARNING_RATE": 0.01,
    "MOMENTUM": 0.9,
    "NUM_EPOCHS": 5,
    "NUM_HIDDEN_UNITS": 17,
    "OUTPUT_DIM": 10,
    "TRAIN_LOSS": 1.4544317717926893,
    "VALID_ACCURACY": 84.229166666666671,
    "VALID_LOSS": 0.9179336292383049
}