{
    "BATCH_SIZE": 600,
    "DATA_FILENAME": "mnist.pkl.gz",
    "EPOCH": 5,
    "INPUT_DIM": 784,
    "LEARNING_RATE": 0.01,
    "MOMENTUM": 0.9,
    "NUM_EPOCHS": 5,
    "NUM_HIDDEN_UNITS": 5,
    "OUTPUT_DIM": 10,
    "TRAIN_LOSS": 2.1044338875722404,
    "VALID_ACCURACY": 38.739583333333336,
    "VALID_LOSS": 1.8670325645571002
}