{
    "BATCH_SIZE": 600,
    "DATA_FILENAME": "mnist.pkl.gz",
    "EPOCH": 1,
    "INPUT_DIM": 784,
    "LEARNING_RATE": 0.01,
    "MOMENTUM": 0.9,
    "NUM_EPOCHS": 5,
    "NUM_HIDDEN_UNITS": 7,
    "OUTPUT_DIM": 10,
    "TRAIN_LOSS": 2.2271520831927978,
    "VALID_ACCURACY": 33.281250000000007,
    "VALID_LOSS": 2.038585971377918
}