{
    "BATCH_SIZE": 600,
    "DATA_FILENAME": "mnist.pkl.gz",
    "EPOCH": 1,
    "INPUT_DIM": 784,
    "LEARNING_RATE": 0.01,
    "MOMENTUM": 0.9,
    "NUM_EPOCHS": 5,
    "NUM_HIDDEN_UNITS": 11,
    "OUTPUT_DIM": 10,
    "TRAIN_LOSS": 2.1660182564797767,
    "VALID_ACCURACY": 56.000000000000007,
    "VALID_LOSS": 1.8103634025335116
}