{
    "BATCH_SIZE": 600,
    "DATA_FILENAME": "mnist.pkl.gz",
    "EPOCH": 5,
    "INPUT_DIM": 784,
    "LEARNING_RATE": 0.01,
    "MOMENTUM": 0.9,
    "NUM_EPOCHS": 5,
    "NUM_HIDDEN_UNITS": 11,
    "OUTPUT_DIM": 10,
    "TRAIN_LOSS": 1.6391313191862513,
    "VALID_ACCURACY": 78.697916666666671,
    "VALID_LOSS": 1.1447645155350556
}