{
    "BATCH_SIZE": 600,
    "DATA_FILENAME": "mnist.pkl.gz",
    "EPOCH": 5,
    "INPUT_DIM": 784,
    "LEARNING_RATE": 0.01,
    "MOMENTUM": 0.9,
    "NUM_EPOCHS": 5,
    "NUM_HIDDEN_UNITS": 3,
    "OUTPUT_DIM": 10,
    "TRAIN_LOSS": 2.1403923605921364,
    "VALID_ACCURACY": 30.781250000000004,
    "VALID_LOSS": 1.9294418642068827
}