{
    "BATCH_SIZE": 600,
    "DATA_FILENAME": "mnist.pkl.gz",
    "EPOCH": 1,
    "INPUT_DIM": [
        28,
        28
    ],
    "LEARNING_RATE": 0.01,
    "MOMENTUM": 0.9,
    "NUM_EPOCHS": 30,
    "NUM_HIDDEN_UNITS": 256,
    "OUTPUT_DIM": 10,
    "TRAIN_LOSS": 1.9483301441974781,
    "VALID_ACCURACY": 84.604166666666671,
    "VALID_LOSS": 0.5752521632751233
}