{
    "BATCH_SIZE": 600,
    "DATA_FILENAME": "mnist.pkl.gz",
    "EPOCH": 30,
    "INPUT_DIM": 784,
    "LEARNING_RATE": 0.01,
    "MOMENTUM": 0.9,
    "NUM_EPOCHS": 30,
    "NUM_HIDDEN_UNITS": 3,
    "OUTPUT_DIM": 10,
    "TRAIN_LOSS": 2.0487951824493789,
    "VALID_ACCURACY": 41.395833333333329,
    "VALID_LOSS": 1.7734776002100012
}