{
    "BATCH_SIZE": 600,
    "DATA_FILENAME": "mnist.pkl.gz",
    "EPOCH": 5,
    "INPUT_DIM": 784,
    "LEARNING_RATE": 0.01,
    "MOMENTUM": 0.9,
    "NUM_EPOCHS": 5,
    "NUM_HIDDEN_UNITS": 5,
    "OUTPUT_DIM": 10,
    "TRAIN_LOSS": 2.0505504385221465,
    "VALID_ACCURACY": 38.135416666666664,
    "VALID_LOSS": 1.8342678519298361
}