{
    "BATCH_SIZE": 600,
    "DATA_FILENAME": "mnist.pkl.gz",
    "EPOCH": 1,
    "INPUT_DIM": 784,
    "LEARNING_RATE": 0.01,
    "MOMENTUM": 0.9,
    "NUM_EPOCHS": 5,
    "NUM_HIDDEN_UNITS": 5,
    "OUTPUT_DIM": 10,
    "TRAIN_LOSS": 2.2569714521152879,
    "VALID_ACCURACY": 28.666666666666664,
    "VALID_LOSS": 2.1498500448007452
}