{
    "BATCH_SIZE": 600,
    "DATA_FILENAME": "mnist.pkl.gz",
    "EPOCH": 1,
    "INPUT_DIM": 784,
    "LEARNING_RATE": 0.01,
    "MOMENTUM": 0.9,
    "NUM_EPOCHS": 5,
    "NUM_HIDDEN_UNITS": 38,
    "OUTPUT_DIM": 10,
    "TRAIN_LOSS": 2.0956295665397238,
    "VALID_ACCURACY": 70.802083333333329,
    "VALID_LOSS": 1.4985272496120854
}