{
    "BATCH_SIZE": 600,
    "DATA_FILENAME": "mnist.pkl.gz",
    "EPOCH": 1,
    "INPUT_DIM": 784,
    "LEARNING_RATE": 0.01,
    "MOMENTUM": 0.9,
    "NUM_EPOCHS": 30,
    "NUM_HIDDEN_UNITS": 2,
    "OUTPUT_DIM": 10,
    "TRAIN_LOSS": 2.2838655016673521,
    "VALID_ACCURACY": 20.083333333333332,
    "VALID_LOSS": 2.2460244027496996
}