{
    "BATCH_SIZE": 600,
    "DATA_FILENAME": "mnist.pkl.gz",
    "EPOCH": 30,
    "INPUT_DIM": 784,
    "LEARNING_RATE": 0.01,
    "MOMENTUM": 0.9,
    "NUM_EPOCHS": 30,
    "NUM_HIDDEN_UNITS": 2,
    "OUTPUT_DIM": 10,
    "TRAIN_LOSS": 2.2130212689270921,
    "VALID_ACCURACY": 23.447916666666664,
    "VALID_LOSS": 2.0268803456544724
}